日期,股票代码,开盘,收盘,最高,最低,成交量,成交额,振幅,涨跌幅,涨跌额,换手率,d-10,d-9,d-8,d-7,d-6,d-5,d-4,d-3,d-2,d-1,5日均,10日均,20日均,30日均,d1,d2,d3,d4,d5,d6,d7,d8,d9,d10
2023-09-15,301550,55.0,55.08,62.88,54.97,196087,1119802156.0,21.06,46.65,17.52,75.18,0.0,0.0,0.0,0.0,0.0,0.0,0.0,0.0,0.0,0.0,55.08,55.08,55.08,55.08,-2.05,-3.81,-10.89,-13.22,-20.12,-18.65,-18.28,-14.76,-11.26,-9.44
2023-09-18,301550,49.78,49.03,53.95,48.36,133947,678418534.0,10.15,-10.98,-6.05,51.36,0.0,0.0,0.0,0.0,0.0,0.0,0.0,0.0,0.0,30.02,52.05,52.05,52.05,52.05,8.06,0.1,-2.51,-10.26,-8.61,-8.2,-4.24,-0.31,1.73,13.3
2023-09-19,301550,49.0,50.94,52.98,48.0,129223,656713081.0,10.16,3.9,1.91,49.55,0.0,0.0,0.0,0.0,0.0,0.0,0.0,0.0,31.0,12.4,51.68,51.68,51.68,51.68,-3.65,-6.16,-13.62,-12.03,-11.64,-7.83,-4.04,-2.08,9.05,5.03
2023-09-20,301550,46.03,47.21,49.08,46.03,118154,558071714.0,5.99,-7.32,-3.73,45.3,0.0,0.0,0.0,0.0,0.0,0.0,0.0,36.61,17.21,15.1,50.57,50.57,50.57,50.57,1.25,-6.8,-5.08,-4.66,-0.55,3.54,5.66,17.67,13.32,9.66
2023-09-21,301550,46.11,43.57,47.8,43.51,111372,503152311.0,9.09,-7.71,-3.64,42.7,0.0,0.0,0.0,0.0,0.0,0.0,44.52,23.99,21.77,12.8,49.17,49.17,49.17,49.17,0.99,2.85,3.31,7.76,12.19,14.48,27.5,22.79,18.82,22.31
2023-09-22,301550,43.48,42.06,44.0,41.23,93225,395210160.0,6.36,-3.47,-1.51,35.74,0.0,0.0,0.0,0.0,0.0,52.51,30.85,28.5,19.04,15.93,46.56,47.98,47.98,47.98,6.54,7.01,11.63,16.21,18.59,32.07,27.2,23.09,26.7,20.52
2023-09-25,301550,43.05,42.82,44.81,42.5,100992,439328113.0,5.49,1.81,0.76,38.72,0.0,0.0,0.0,0.0,47.95,26.94,24.66,15.48,12.47,3.53,45.32,47.24,47.24,47.24,5.11,9.65,14.15,16.49,29.73,24.94,20.9,24.45,18.38,16.74
2023-09-26,301550,43.0,44.58,45.01,41.43,113518,496161916.0,8.36,4.11,1.76,43.52,0.0,0.0,0.0,51.77,30.22,27.88,18.46,15.38,6.2,8.16,44.05,46.91,46.91,46.91,5.32,9.65,11.89,24.61,20.01,16.13,19.54,13.71,12.14,10.32
2023-09-27,301550,43.1,45.54,46.95,42.73,127728,570935978.0,9.47,2.15,0.96,48.97,0.0,0.0,47.16,26.26,23.99,14.86,11.87,2.97,4.87,5.34,43.71,46.76,46.76,46.76,7.33,9.53,21.98,17.48,13.68,17.02,11.31,9.77,7.99,6.5
2023-09-28,301550,46.27,46.57,48.88,45.62,115670,544446539.0,7.16,2.26,1.03,44.35,0.0,37.83,18.26,16.13,7.58,4.78,-3.55,-1.78,-1.34,2.92,44.31,46.74,46.74,46.74,7.11,19.28,14.88,11.17,14.43,8.85,7.34,5.6,4.14,6.94
2023-10-09,301550,47.5,48.96,49.88,46.38,92209,442396230.0,7.52,5.13,2.39,35.35,35.58,16.32,14.23,5.82,3.06,-5.13,-3.39,-2.95,1.23,5.39,45.69,46.13,46.94,46.94,13.46,9.27,5.74,8.84,3.53,2.1,0.45,-0.94,1.72,-2.96
2023-10-10,301550,48.0,50.04,55.55,48.0,91687,467040497.0,15.42,2.21,1.08,35.15,12.4,10.38,2.25,-0.42,-8.33,-6.65,-6.23,-2.19,1.83,3.92,47.14,46.23,47.2,47.2,6.91,3.46,6.49,1.3,-0.1,-1.72,-3.08,-0.48,-5.06,-7.29
2023-10-11,301550,50.0,51.82,53.5,46.73,81660,407555014.0,13.53,3.56,1.78,31.31,13.37,5.03,2.29,-5.84,-4.11,-3.68,0.47,4.6,6.74,18.87,48.59,46.32,47.56,47.56,-0.1,2.84,-2.18,-3.53,-5.09,-6.41,-3.9,-8.32,-10.48,-5.44
2023-10-12,301550,50.19,50.3,51.77,48.58,49318,247844583.0,6.16,-2.93,-1.52,18.91,1.03,-1.61,-9.43,-7.76,-7.35,-3.36,0.62,2.68,14.35,10.13,49.54,46.63,47.75,47.75,5.94,0.78,-0.62,-2.23,-3.58,-0.99,-5.55,-7.77,-2.58,10.99
2023-10-13,301550,49.67,50.49,53.29,49.29,45102,229572892.0,7.95,0.38,0.19,17.29,-3.02,-10.73,-9.09,-8.68,-4.75,-0.83,1.2,12.7,8.54,5.03,50.32,47.32,47.93,47.93,0.4,-0.99,-2.59,-3.94,-1.37,-5.9,-8.12,-2.95,10.58,5.92
2023-10-16,301550,49.71,49.26,50.69,48.29,30932,152474306.0,4.75,-2.44,-1.23,11.86,-8.88,-7.21,-6.79,-2.77,1.22,3.29,15.03,10.79,7.21,10.35,50.38,48.04,48.02,48.02,1.48,-0.16,-1.54,1.1,-3.55,-5.83,-0.53,13.34,8.57,9.42
2023-10-17,301550,49.5,49.7,49.99,46.72,40962,198158810.0,6.64,0.89,0.44,15.71,-4.09,-3.66,0.49,4.62,6.76,18.9,14.51,10.81,14.06,8.5,50.31,48.73,48.12,48.12,-1.05,-2.41,0.2,-4.41,-6.66,-1.41,12.33,7.61,8.45,7.65
2023-10-18,301550,48.99,47.92,49.18,47.67,24904,120431944.0,3.04,-3.58,-1.78,9.55,-5.58,-1.51,2.54,4.64,16.53,12.23,8.6,11.79,6.34,4.87,49.53,49.06,48.1,48.1,1.21,3.92,-0.86,-3.19,2.25,16.51,11.6,12.48,11.64,13.46
2023-10-19,301550,48.02,46.32,48.5,46.01,20594,96695421.0,5.2,-3.34,-1.6,7.9,2.04,6.24,8.41,20.73,16.28,12.52,15.82,10.17,8.65,6.89,48.74,49.14,48.01,48.01,7.51,2.57,0.15,5.79,20.53,15.46,16.36,15.5,17.38,13.51
2023-10-20,301550,46.46,47.02,49.8,46.32,26324,126652673.0,7.51,1.51,0.7,10.09,5.53,7.69,19.93,15.5,11.77,15.05,9.43,7.92,6.17,4.71,48.04,49.18,47.96,47.96,1.04,-1.34,4.21,18.74,13.74,14.63,13.78,15.63,11.82,23.31
2023-10-23,301550,45.5,44.86,47.51,44.51,20806,95015005.0,6.38,-4.59,-2.16,7.98,12.06,24.8,20.2,16.31,19.73,13.88,12.31,10.49,8.96,11.88,47.16,48.77,47.45,47.81,3.41,9.23,24.45,19.22,20.15,19.26,21.2,17.21,29.25,25.21
2023-10-24,301550,44.45,45.76,46.39,44.18,17874,81591946.0,4.93,2.01,0.9,6.85,25.74,21.1,17.18,20.62,14.74,13.15,11.32,9.78,12.72,7.54,46.38,48.35,47.29,47.72,7.08,22.01,16.87,17.79,16.91,18.82,14.9,26.7,22.75,17.9
2023-10-25,301550,46.15,47.4,49.0,46.08,27376,130210368.0,6.38,3.58,1.64,10.5,16.1,12.35,15.65,10.0,8.49,6.73,5.25,8.07,3.1,0.67,46.27,47.9,47.11,47.71,17.78,12.83,13.71,12.87,14.7,10.93,22.32,18.5,13.82,11.43
2023-10-26,301550,48.35,51.62,55.83,46.82,66419,336718841.0,19.01,8.9,4.22,25.47,10.57,13.82,8.27,6.77,5.04,3.59,6.36,1.47,-0.92,4.66,47.33,48.04,47.33,47.87,3.6,4.42,3.64,5.33,1.86,12.32,8.81,4.51,2.32,-0.77
2023-10-27,301550,52.0,52.61,53.48,49.0,64278,329500345.0,8.68,1.92,0.99,24.64,8.76,3.45,2.02,0.37,-1.02,1.63,-3.04,-5.33,0.0,13.94,48.45,48.25,47.78,48.06,2.45,1.69,3.35,-0.06,10.21,6.77,2.55,0.4,-2.64,-3.63
2023-10-30,301550,51.15,52.32,53.9,50.0,43246,223711743.0,7.41,-0.55,-0.29,16.58,1.38,-0.02,-1.64,-3.0,-0.4,-4.98,-7.22,-2.0,11.66,6.96,49.94,48.55,48.3,48.22,2.26,3.92,0.5,10.82,7.36,3.12,0.96,-2.1,-3.1,2.16
2023-10-31,301550,51.57,50.91,53.5,50.55,28723,148846276.0,5.64,-2.69,-1.41,11.01,-1.11,-2.71,-4.06,-1.48,-6.01,-8.23,-3.07,10.45,5.8,6.63,50.97,48.67,48.7,48.32,6.8,3.28,13.89,10.33,5.97,3.75,0.61,-0.41,4.99,5.66
2023-11-01,301550,50.72,52.56,54.37,50.31,39122,205016522.0,7.97,3.24,1.65,15.0,-2.25,-3.6,-1.01,-5.57,-7.79,-2.6,10.97,6.3,7.14,6.34,52.0,49.14,49.1,48.47,0.04,10.31,6.87,2.64,0.49,-2.55,-3.54,1.69,2.34,18.32
2023-11-02,301550,52.21,49.8,52.58,49.8,28687,145330778.0,5.29,-5.25,-2.76,11.0,-2.61,0.0,-4.6,-6.85,-1.61,12.11,7.39,8.23,7.43,9.18,51.64,49.49,49.31,48.52,16.43,12.79,8.33,6.06,2.85,1.81,7.33,8.01,24.88,18.88
2023-11-03,301550,51.7,54.8,57.98,51.68,72307,392485008.0,12.65,10.04,5.0,27.72,-3.64,-8.07,-10.24,-5.19,8.03,3.48,4.3,3.52,5.21,1.74,52.08,50.26,49.72,48.73,2.5,-1.55,-3.61,-6.53,-7.48,-2.46,-1.84,13.49,8.03,6.53
2023-11-06,301550,55.0,54.3,56.17,52.54,56850,305742529.0,6.62,-0.91,-0.5,21.8,-9.57,-11.71,-6.74,6.26,1.79,2.59,1.83,3.48,0.08,10.35,52.47,51.21,49.99,48.7,-0.64,-2.73,-5.67,-6.63,-1.57,-0.94,14.53,9.02,7.51,9.58
2023-11-07,301550,53.0,53.1,53.95,52.0,43828,232146427.0,3.59,-2.21,-1.2,16.8,-10.79,-5.77,7.37,2.85,3.65,2.88,4.56,1.12,11.5,8.02,52.91,51.94,50.14,48.84,-0.53,-3.54,-4.52,0.66,1.3,17.12,11.49,9.94,12.05,10.94
2023-11-08,301550,52.66,51.32,52.82,50.13,37627,193191136.0,5.07,-3.35,-1.78,14.43,-2.25,11.37,6.68,7.52,6.72,8.46,4.89,15.66,12.05,7.62,52.66,52.33,50.12,48.85,-0.19,-1.21,4.15,4.81,21.18,15.35,13.76,15.94,14.79,9.65
2023-11-09,301550,51.15,49.05,51.22,48.75,34361,169972517.0,4.81,-4.42,-2.27,13.17,14.52,9.7,10.56,9.74,11.53,7.86,18.93,15.22,10.67,8.35,52.51,52.08,50.06,48.91,3.36,8.97,9.66,26.79,20.69,19.02,21.3,20.1,14.72,12.6
2023-11-10,301550,48.38,49.96,50.7,48.15,31186,154330319.0,5.2,1.86,0.91,11.96,11.07,11.94,11.11,12.92,9.2,20.42,16.66,12.05,9.7,6.38,51.55,51.81,50.03,49.13,6.99,7.67,24.48,18.49,16.85,19.1,17.91,12.63,10.55,9.09
2023-11-13,301550,49.61,52.59,53.45,49.61,47937,249509478.0,7.69,5.26,2.63,18.38,8.65,7.84,9.59,5.99,16.87,13.22,8.75,6.47,3.25,2.2,51.2,51.84,50.2,49.48,2.28,18.25,12.57,11.01,13.14,12.02,7.0,5.02,3.63,4.96
2023-11-14,301550,52.5,53.2,53.79,51.61,29440,155471701.0,4.15,1.16,0.61,11.29,3.66,5.35,1.88,12.34,8.84,4.53,2.34,-0.76,-1.76,3.57,51.22,52.07,50.37,49.82,16.9,11.28,9.74,11.84,10.73,5.77,3.82,2.44,3.76,4.1
2023-11-15,301550,56.2,60.12,62.19,55.0,87475,506363249.0,13.52,13.01,6.92,33.54,-1.15,-4.4,5.42,2.13,-1.91,-3.96,-6.87,-7.82,-2.82,-2.2,52.98,52.82,50.98,50.34,-1.53,-2.89,-1.03,-2.01,-6.4,-8.13,-9.35,-8.18,-7.88,-8.95
2023-11-16,301550,58.6,56.77,59.2,56.48,53881,310225746.0,4.52,-5.57,-3.35,20.66,-6.91,2.66,-0.55,-4.48,-6.48,-9.31,-10.23,-5.36,-4.76,10.11,54.53,53.52,51.5,50.72,2.84,4.81,3.77,-0.88,-2.71,-4.0,-2.77,-2.45,-3.58,-4.39
2023-11-17,301550,56.6,56.6,58.38,55.55,36642,206947641.0,4.99,-0.3,-0.17,14.05,4.37,1.12,-2.88,-4.91,-7.79,-8.73,-3.78,-3.17,11.95,6.57,55.86,53.7,51.98,51.05,5.12,4.08,-0.58,-2.42,-3.71,-2.47,-2.16,-3.29,-4.1,-7.16
2023-11-20,301550,55.8,59.28,59.5,55.23,53451,309181122.0,7.54,4.73,2.68,20.49,1.7,-2.32,-4.36,-7.26,-8.2,-3.22,-2.61,12.6,7.19,5.7,57.19,54.2,52.7,51.39,-0.62,-5.08,-6.83,-8.06,-6.88,-6.58,-7.66,-8.43,-11.35,-11.45
2023-11-21,301550,58.5,56.12,58.91,55.71,41207,236070204.0,5.4,-5.33,-3.16,15.8,-3.16,-5.19,-8.06,-8.99,-4.06,-3.45,11.63,6.26,4.79,6.8,57.78,54.5,53.22,51.6,0.27,-1.59,-2.89,-1.64,-1.32,-2.46,-3.28,-6.36,-6.47,-10.64
2023-11-22,301550,55.99,53.95,56.27,53.77,36854,200846552.0,4.45,-3.87,-2.17,14.13,-1.77,-4.74,-5.71,-0.6,0.04,15.66,10.1,8.57,10.66,9.56,56.54,54.76,53.55,51.67,2.37,1.02,2.32,2.65,1.46,0.61,-2.59,-2.71,-7.04,-7.75
2023-11-23,301550,53.95,54.58,55.23,53.24,24287,131919603.0,3.69,1.17,0.63,9.31,-3.79,-4.77,0.39,1.03,16.81,11.19,9.65,11.76,10.65,5.69,56.11,55.32,53.7,51.81,-0.15,1.14,1.47,0.29,-0.55,-3.72,-3.83,-8.12,-8.81,-9.16
2023-11-24,301550,54.49,53.15,54.5,51.48,29140,153447420.0,5.53,-2.62,-1.43,11.17,-1.52,3.83,4.49,20.8,15.0,13.4,15.58,14.43,9.3,7.28,55.42,55.64,53.72,51.9,3.86,4.2,2.99,2.13,-1.13,-1.24,-5.64,-6.36,-6.72,-8.94
2023-11-27,301550,53.01,55.03,55.2,52.8,28763,156985798.0,4.52,3.54,1.88,11.03,1.23,1.88,17.78,12.12,10.57,12.69,11.57,6.57,4.6,3.22,54.57,55.88,53.86,52.09,0.64,-0.53,-1.36,-4.51,-4.62,-8.87,-9.56,-9.9,-12.05,-8.58
2023-11-28,301550,54.52,53.32,55.38,52.85,24433,133049392.0,4.6,-3.11,-1.71,9.37,1.78,17.67,12.02,10.46,12.58,11.47,6.47,4.5,3.12,4.45,54.01,55.89,53.98,52.21,2.66,1.8,-1.44,-1.56,-5.95,-6.66,-7.01,-9.23,-5.65,-4.73
2023-11-29,301550,53.3,52.39,54.74,52.14,32051,171037082.0,4.88,-1.74,-0.93,12.29,19.28,13.54,11.97,14.12,12.98,7.92,5.93,4.53,5.87,6.21,53.69,55.12,53.97,52.36,3.61,0.31,0.19,-4.28,-5.0,-5.36,-7.62,-3.97,-3.03,-0.17
2023-11-30,301550,52.6,52.31,54.28,50.9,37437,195432600.0,6.45,-0.15,-0.08,14.35,16.31,14.7,16.9,15.74,10.55,8.51,7.07,8.45,8.8,7.54,53.24,54.67,54.1,52.56,0.46,0.34,-4.13,-4.86,-5.22,-7.47,-3.82,-2.89,-0.02,-1.01
2023-12-01,301550,52.0,52.25,52.55,50.58,23859,122856883.0,3.77,-0.11,-0.06,9.15,15.42,17.64,16.47,11.25,9.19,7.75,9.13,9.49,8.22,7.32,53.06,54.24,53.97,52.73,0.46,-4.02,-4.75,-5.11,-7.37,-3.71,-2.78,0.1,-0.9,-6.03
2023-12-04,301550,51.99,50.45,52.49,49.92,23424,119259010.0,4.92,-3.44,-1.8,8.98,19.19,18.01,12.72,10.64,9.17,10.58,10.94,9.66,8.73,5.27,52.14,53.36,53.78,52.92,-0.59,-1.35,-1.72,-4.06,-0.28,0.69,3.67,2.64,-2.68,-3.57
2023-12-05,301550,50.0,48.53,50.15,48.5,25896,127379534.0,3.27,-3.81,-1.92,9.93,21.46,16.02,13.88,12.37,13.81,14.19,12.87,11.92,8.35,8.23,51.19,52.6,53.55,53.01,2.56,2.16,-0.27,3.67,4.68,7.77,6.7,1.17,0.25,-0.31
2023-12-06,301550,48.54,49.33,49.77,48.28,19956,98145141.0,3.07,1.65,0.8,7.65,16.55,14.4,12.88,14.33,14.71,13.38,12.43,8.84,8.72,3.87,50.57,52.13,53.45,53.08,0.51,-1.89,1.99,2.98,6.02,4.97,-0.47,-1.38,-1.93,-0.41
2023-12-07,301550,49.38,47.9,49.58,47.9,16068,77778650.0,3.41,-2.9,-1.43,6.16,15.3,13.78,15.24,15.62,14.28,13.32,9.71,9.58,4.7,3.9,49.69,51.47,53.39,52.95,1.04,5.03,6.05,9.19,8.1,2.51,1.57,1.0,2.57,0.69
2023-12-08,301550,48.13,47.92,48.4,47.17,13822,66010900.0,2.57,0.04,0.02,5.3,15.54,17.02,17.41,16.05,15.07,11.41,11.28,6.32,5.51,5.11,48.83,50.94,53.29,52.8,4.99,6.01,9.14,8.06,2.46,1.52,0.96,2.53,0.65,0.1
2023-12-11,301550,48.0,50.13,50.31,47.22,23884,117528125.0,6.45,4.61,2.21,9.16,16.9,17.28,15.93,14.95,11.29,11.16,6.2,5.4,5.0,2.5,48.76,50.45,53.17,52.72,1.34,4.33,3.29,-2.05,-2.95,-3.49,-1.99,-3.79,-4.31,-5.31
2023-12-12,301550,50.6,49.6,50.8,49.2,14904,74116903.0,3.19,-1.06,-0.53,5.71,12.56,11.26,10.33,6.81,6.69,1.93,1.16,0.77,-1.63,2.26,48.98,50.08,52.99,52.68,5.44,4.4,-1.01,-1.92,-2.46,-0.95,-2.76,-3.29,-4.29,-6.27
2023-12-13,301550,49.55,50.82,52.3,48.33,34190,173087430.0,8.0,2.46,1.22,13.11,13.26,12.31,8.73,8.61,3.77,2.98,2.59,0.14,4.1,5.11,49.27,49.92,52.52,52.62,1.89,-3.38,-4.27,-4.8,-3.33,-5.1,-5.61,-6.59,-8.52,-9.09
2023-12-14,301550,50.4,48.39,51.78,48.17,24092,118709801.0,7.1,-4.78,-2.43,9.24,12.68,9.09,8.97,4.11,3.32,2.93,0.48,4.44,5.46,8.57,49.37,49.53,52.1,52.58,1.47,0.54,-0.02,1.53,-0.33,-0.87,-1.9,-3.93,-4.53,-3.55
2023-12-15,301550,48.03,48.05,49.1,47.21,10533,50744913.0,3.91,-0.7,-0.34,4.04,11.31,11.18,6.23,5.42,5.02,2.52,6.57,7.6,10.78,9.68,49.4,49.11,51.68,52.35,1.25,0.69,2.25,0.37,-0.17,-1.21,-3.25,-3.85,-2.87,-2.62
2023-12-18,301550,48.01,47.63,48.65,47.2,9903,47319309.0,3.02,-0.87,-0.42,3.8,11.21,6.25,5.44,5.04,2.54,6.59,7.63,10.81,9.7,4.03,48.9,48.83,51.09,52.13,1.57,3.15,1.26,0.71,-0.34,-2.39,-3.0,-2.02,-1.76,4.66
2023-12-19,301550,47.13,47.79,48.38,47.11,8495,40538766.0,2.67,0.34,0.16,3.26,6.45,5.65,5.24,2.74,6.79,7.83,11.02,9.91,4.22,3.27,48.54,48.76,50.68,51.95,2.8,0.92,0.38,-0.67,-2.72,-3.33,-2.34,-2.09,4.31,2.51
2023-12-20,301550,48.12,47.33,49.13,47.11,12668,61165536.0,4.23,-0.96,-0.46,4.86,5.65,5.24,2.74,6.79,7.83,11.02,9.91,4.22,3.27,2.7,47.84,48.56,50.35,51.82,1.9,1.35,0.3,-1.77,-2.39,-1.39,-1.14,5.32,3.51,-0.49
2023-12-21,301550,47.18,47.29,48.23,46.08,14251,67213997.0,4.54,-0.08,-0.04,5.46,7.6,5.03,9.18,10.24,13.5,12.37,6.55,5.58,4.99,6.62,47.62,48.5,49.98,51.76,1.44,0.38,-1.69,-2.3,-1.31,-1.06,5.41,3.59,-0.4,0.49
2023-12-22,301550,47.01,46.5,47.97,46.0,11425,53675400.0,4.17,-1.67,-0.79,4.38,5.22,9.37,10.43,13.7,12.57,6.74,5.76,5.17,6.8,4.85,47.31,48.35,49.65,51.64,2.09,-0.02,-0.65,0.37,0.62,7.2,5.35,1.29,2.19,-1.08
2023-12-25,301550,46.19,46.58,47.47,46.19,6509,30450811.0,2.75,0.17,0.08,2.5,8.92,9.98,13.23,12.1,6.3,5.33,4.74,6.37,4.42,3.85,47.1,48.0,49.23,51.44,-0.19,-0.82,0.19,0.45,7.02,5.17,1.12,2.02,-1.25,-0.32
2023-12-26,301550,46.49,45.3,46.49,44.94,9625,43660927.0,3.33,-2.75,-1.28,3.69,13.04,16.38,15.22,9.26,8.26,7.65,9.32,7.32,6.74,5.63,46.6,47.57,48.82,51.18,1.99,3.02,3.29,10.04,8.15,3.97,4.9,1.55,2.49,-1.61
2023-12-27,301550,45.35,45.76,46.2,44.8,9545,43349784.0,3.09,1.02,0.46,3.66,16.74,15.58,9.6,8.59,7.99,9.67,7.66,7.08,5.96,3.77,46.29,47.06,48.49,50.7,1.99,2.25,8.94,7.06,2.93,3.85,0.52,1.46,-2.6,-1.97
2023-12-28,301550,45.76,45.6,46.67,45.27,15633,71878893.0,3.06,-0.35,-0.16,5.99,14.38,8.46,7.47,6.87,8.53,6.54,5.96,4.86,2.69,2.05,45.95,46.78,48.16,50.33,2.61,9.32,7.43,3.29,4.21,0.88,1.82,-2.26,-1.62,-0.88
2023-12-29,301550,46.0,46.38,46.79,45.38,18221,84049909.0,3.09,1.71,0.78,6.99,8.2,7.21,6.61,8.26,6.28,5.71,4.61,2.45,1.81,2.84,45.92,46.62,47.86,49.99,7.48,5.63,1.55,2.46,-0.82,0.11,-3.9,-3.28,-2.54,-5.35
2024-01-02,301550,46.35,49.07,49.85,46.23,30775,149099597.0,7.81,5.8,2.69,11.8,5.23,4.65,6.27,4.33,3.76,2.68,0.56,-0.06,0.95,1.21,46.42,46.76,47.8,49.65,-0.16,-4.01,-3.16,-6.26,-5.38,-9.17,-8.58,-7.89,-10.54,-12.39
2024-01-03,301550,48.53,47.1,48.99,46.88,23314,110856254.0,4.3,-4.01,-1.97,8.94,3.2,4.8,2.88,2.33,1.26,-0.83,-1.45,-0.45,-0.19,6.34,46.78,46.69,47.72,49.35,0.0,0.89,-2.34,-1.42,-5.37,-4.76,-4.03,-6.79,-8.73,-9.83
2024-01-04,301550,46.99,46.28,47.1,45.4,12655,58454193.0,3.61,-1.74,-0.82,4.85,8.22,6.23,5.66,4.56,2.4,1.76,2.8,3.06,9.8,7.91,46.89,46.59,47.57,49.09,2.68,-0.61,0.32,-3.69,-3.07,-2.33,-5.14,-7.11,-8.23,-11.84
2024-01-05,301550,45.92,45.65,47.52,45.37,10315,47875615.0,4.65,-1.36,-0.63,3.96,6.3,5.73,4.63,2.47,1.83,2.87,3.13,9.87,7.98,3.81,46.9,46.42,47.46,48.79,0.77,1.71,-2.37,-1.73,-0.99,-3.83,-5.83,-6.97,-10.62,-11.24
2024-01-08,301550,45.89,43.93,46.0,43.5,11159,49659703.0,5.48,-3.77,-1.72,4.28,10.28,9.13,6.87,6.21,7.29,7.56,14.6,12.62,8.28,9.24,46.41,46.17,47.26,48.49,5.69,1.46,2.12,2.89,-0.07,-2.14,-3.32,-7.12,-7.76,-11.22
2024-01-09,301550,44.03,44.17,46.43,43.62,10515,47022023.0,6.4,0.55,0.24,4.03,8.83,6.58,5.91,6.99,7.27,14.28,12.31,7.98,8.94,5.46,45.43,45.92,46.96,48.13,0.91,1.56,2.33,-0.61,-2.67,-3.85,-7.63,-8.26,-11.7,-15.55
2024-01-10,301550,44.0,43.72,44.57,42.5,7777,33993170.0,4.69,-1.02,-0.45,2.98,9.39,8.71,9.81,10.09,17.29,15.27,10.82,11.81,8.24,9.25,44.75,45.77,46.67,47.81,2.61,3.39,0.41,-1.67,-2.86,-6.68,-7.32,-10.8,-14.68,-13.56
2024-01-11,301550,43.6,44.81,44.86,43.18,7661,34090546.0,3.84,2.49,1.09,2.94,6.99,8.08,8.36,15.45,13.46,9.08,10.05,6.53,7.53,3.22,44.46,45.67,46.37,47.55,0.87,-2.03,-4.06,-5.22,-8.95,-9.57,-12.97,-16.76,-15.67,-15.64
2024-01-12,301550,44.89,43.55,45.2,43.25,8160,36003787.0,4.35,-2.81,-1.26,3.13,7.91,8.18,15.26,13.27,8.9,9.87,6.36,7.35,3.05,3.72,44.04,45.47,46.12,47.26,0.8,-1.29,-2.48,-6.31,-6.96,-10.45,-14.35,-13.23,-13.2,-13.2
2024-01-15,301550,43.32,42.74,43.9,42.33,7568,32484816.0,3.61,-1.86,-0.81,2.9,10.54,17.77,15.73,11.27,12.26,8.67,9.69,5.29,5.98,6.78,43.8,45.1,45.86,46.94,0.58,-0.63,-4.54,-5.19,-8.75,-12.73,-11.58,-11.56,-11.56,-12.75
2024-01-16,301550,42.98,42.48,42.99,42.01,5475,23236296.0,2.29,-0.61,-0.26,2.1,18.66,16.62,12.12,13.12,9.5,10.52,6.09,6.78,7.59,4.5,43.46,44.44,45.6,46.68,-0.02,-3.95,-4.61,-8.19,-12.19,-11.04,-11.02,-11.02,-12.22,-14.76
2024-01-17,301550,42.33,40.0,42.47,39.6,11560,47543020.0,6.76,-5.84,-2.48,4.43,23.71,18.94,20.0,16.16,17.25,12.55,13.28,14.14,10.86,8.56,42.72,43.73,45.21,46.39,2.0,1.3,-2.5,-6.75,-5.53,-5.5,-5.5,-6.77,-9.47,-12.0
2024-01-18,301550,40.0,40.17,40.8,37.8,16351,64624730.0,7.5,0.43,0.17,6.27,24.6,25.71,21.69,22.83,17.91,18.68,19.58,16.14,13.73,12.35,41.79,43.12,44.85,46.09,0.87,-2.91,-7.14,-5.92,-5.9,-5.9,-7.17,-9.86,-12.37,-16.9
2024-01-19,301550,39.95,38.61,40.52,38.53,10479,41121560.0,4.95,-3.88,-1.56,4.02,23.33,19.39,20.5,15.68,16.43,17.31,13.94,11.58,10.23,5.89,40.8,42.42,44.42,45.78,1.01,-3.39,-2.12,-2.1,-2.1,-3.42,-6.22,-8.83,-13.55,-14.06
2024-01-22,301550,38.25,36.29,39.0,35.99,15386,57474770.0,7.8,-6.01,-2.32,5.9,27.81,29.01,23.84,24.65,25.59,21.98,19.45,18.01,13.36,12.59,39.51,41.65,43.91,45.39,2.78,4.13,4.16,4.16,2.76,-0.22,-3.0,-8.02,-8.57,-16.51
2024-01-23,301550,36.0,36.78,37.3,36.0,13040,47765159.0,3.58,1.35,0.49,5.0,28.97,23.81,24.61,25.56,21.94,19.42,17.97,13.33,12.56,8.33,38.37,40.92,43.42,44.95,2.75,2.77,2.77,1.39,-1.55,-4.3,-9.24,-9.79,-17.62,-22.51
2024-01-24,301550,36.85,36.9,37.79,35.03,18978,69600430.0,7.5,0.33,0.12,7.28,27.23,28.06,29.03,25.32,22.72,21.24,16.47,15.67,11.33,6.48,37.75,40.23,43.0,44.52,2.44,2.44,1.06,-1.87,-4.61,-9.54,-10.08,-17.89,-22.76,-22.17
2024-01-25,301550,36.76,37.55,37.8,36.09,17346,64705495.0,4.63,1.76,0.65,6.65,24.3,25.24,21.64,19.12,17.68,13.05,12.27,8.06,3.35,4.71,37.23,39.51,42.59,44.08,0.67,-0.69,-3.57,-6.26,-11.11,-11.64,-19.31,-24.1,-23.52,-22.58
2024-01-26,301550,37.8,36.35,37.8,36.13,12515,45995967.0,4.45,-3.2,-1.2,4.8,25.1,21.51,18.99,17.55,12.93,12.15,7.94,3.24,4.59,4.62,36.77,38.79,42.13,43.68,2.59,-0.39,-3.16,-8.17,-8.72,-16.64,-21.6,-20.99,-20.03,-17.5
2024-01-29,301550,36.9,35.69,37.29,35.51,12953,46976036.0,4.9,-1.82,-0.66,4.97,23.63,21.06,19.6,14.9,14.11,9.83,5.04,6.42,6.45,6.45,36.65,38.08,41.59,43.27,1.46,-1.37,-6.47,-7.03,-15.1,-20.15,-19.53,-18.55,-15.97,-13.98
2024-01-30,301550,35.59,34.56,36.21,34.0,11601,40838188.0,6.19,-3.17,-1.13,4.45,26.44,24.91,20.0,19.18,14.71,9.71,11.15,11.18,11.18,9.68,36.21,37.29,40.87,42.83,1.85,-3.41,-3.99,-12.33,-17.53,-16.9,-15.89,-13.22,-11.17,-7.7
2024-01-31,301550,34.45,33.2,35.2,33.1,10832,36829324.0,6.08,-3.94,-1.36,4.15,28.31,23.26,22.42,17.82,12.69,14.17,14.2,14.2,12.66,9.4,35.47,36.61,40.17,42.34,0.54,-0.06,-8.73,-14.16,-13.49,-12.44,-9.67,-7.53,-3.92,-4.22
2024-02-01,301550,32.94,32.45,33.38,31.88,11973,39061271.0,4.52,-2.26,-0.75,4.59,27.98,27.1,22.33,17.0,18.54,18.57,18.57,16.97,13.58,10.41,34.45,35.84,39.48,41.85,2.25,-6.63,-12.17,-11.49,-10.42,-7.58,-5.39,-1.69,-2.0,4.68
2024-02-02,301550,32.6,30.2,33.18,29.02,18028,56086016.0,12.82,-6.93,-2.25,6.91,39.63,34.39,28.53,30.22,30.25,30.25,28.5,24.78,21.3,15.02,33.22,35.0,38.71,41.28,0.33,-5.63,-4.9,-3.74,-0.7,1.66,5.63,5.3,12.48,16.66
2024-02-05,301550,29.64,25.53,30.3,25.51,26867,72789266.0,15.86,-15.46,-4.67,10.3,52.88,46.22,48.14,48.18,48.18,46.18,41.94,37.99,30.85,30.07,31.19,33.92,37.79,40.58,11.63,12.5,13.87,17.47,20.25,24.95,24.56,33.06,37.99,52.8
2024-02-06,301550,25.08,27.38,28.5,24.44,29105,76569581.0,15.9,7.25,1.85,11.16,52.62,54.62,54.66,54.66,52.58,48.16,44.03,36.58,35.76,23.98,29.75,32.98,36.95,39.94,4.89,6.17,9.53,12.13,16.51,16.14,24.07,28.67,42.48,36.16
2024-02-07,301550,28.2,25.99,28.72,25.26,33941,92538175.0,12.64,-5.08,-1.39,13.01,49.6,49.64,49.64,47.62,43.35,39.35,32.15,31.35,19.95,12.83,28.31,31.89,36.06,39.3,11.85,15.39,18.12,22.74,22.35,30.7,35.55,50.1,43.44,29.28
2024-02-08,301550,25.22,28.92,29.07,25.16,33663,91892536.0,15.04,11.27,2.93,12.91,50.24,50.24,48.21,43.92,39.9,32.67,31.88,20.43,13.28,14.15,27.6,31.03,35.27,38.74,3.7,6.15,10.3,9.96,17.46,21.82,34.89,28.91,16.18,24.07
2024-02-19,301550,29.4,29.24,29.99,28.13,35842,104242683.0,6.43,1.11,0.32,13.74,34.38,32.56,28.72,25.13,18.66,17.95,7.71,1.32,2.1,3.34,27.41,30.32,34.55,38.19,4.99,9.1,8.76,16.18,20.49,33.41,27.5,14.91,22.71,16.28
2024-02-20,301550,28.92,30.7,30.7,28.3,31663,94039920.0,8.21,4.99,1.46,12.14,31.77,27.95,24.38,17.95,17.24,7.07,0.71,1.48,2.72,5.97,28.45,29.82,33.95,37.67,3.91,3.58,10.65,14.76,27.07,21.43,9.45,16.87,10.75,7.3
2024-02-21,301550,30.43,30.89,31.9,29.24,32265,100340453.0,8.66,0.62,0.19,12.37,23.84,20.38,14.16,13.47,3.63,-2.53,-1.78,-0.58,2.56,4.99,29.15,29.45,33.37,37.06,2.95,9.97,14.05,26.29,20.69,8.77,16.15,10.07,6.64,9.74
2024-02-22,301550,31.15,31.78,31.8,30.7,30516,95404690.0,3.56,2.88,0.89,11.7,14.66,8.73,8.08,-1.3,-7.17,-6.45,-5.31,-2.31,0.0,3.91,30.31,29.31,32.96,36.55,6.89,10.86,22.75,17.31,5.73,12.9,6.99,3.65,6.67,8.06
2024-02-23,301550,31.92,33.73,33.97,31.62,33940,111266437.0,7.39,6.14,1.95,13.01,5.57,4.93,-4.17,-9.87,-9.17,-8.06,-5.15,-2.91,0.89,0.57,31.27,29.44,32.64,36.13,4.45,15.65,10.52,-0.39,6.37,0.8,-2.34,0.5,1.81,-1.69
2024-02-26,301550,34.0,34.22,35.23,33.5,34662,118796884.0,5.13,1.45,0.49,13.29,-0.96,-9.55,-14.93,-14.27,-13.22,-10.48,-8.36,-4.78,-5.07,1.4,32.26,29.84,32.42,35.75,14.0,8.94,-1.81,4.85,-0.64,-3.74,-0.94,0.35,-3.1,-2.98
2024-02-27,301550,33.52,35.92,39.01,33.51,37963,136106327.0,16.07,4.97,1.7,14.56,-9.58,-14.95,-14.29,-13.25,-10.5,-8.39,-4.8,-5.1,1.37,5.13,33.31,30.88,32.4,35.48,3.79,-6.46,-0.11,-5.35,-8.3,-5.62,-4.4,-7.68,-7.57,-2.9
2024-02-28,301550,36.07,32.11,37.28,32.0,46479,161910639.0,14.7,-10.61,-3.81,17.82,-10.94,-10.25,-9.16,-6.28,-4.06,-0.31,-0.62,6.16,10.09,21.91,33.55,31.35,32.17,35.08,4.64,11.74,5.89,2.58,5.57,6.94,3.27,3.39,8.63,7.23
2024-02-29,301550,31.15,33.21,33.6,31.08,36830,120285937.0,7.85,3.43,1.1,14.12,-7.59,-6.47,-3.51,-1.22,2.64,2.32,9.3,13.35,25.51,19.95,33.84,32.07,31.98,34.73,8.04,2.38,-0.81,2.08,3.4,-0.15,-0.03,5.03,3.67,4.43
2024-03-01,301550,33.46,33.55,35.88,33.05,32057,108118581.0,8.52,1.02,0.34,12.29,-12.04,-9.26,-7.11,-3.48,-3.78,2.78,6.6,18.03,12.8,1.66,33.8,32.54,31.78,34.36,1.34,-1.82,1.04,2.35,-1.16,-1.04,3.96,2.62,3.37,6.59
2024-03-04,301550,33.5,33.0,34.0,31.7,31760,103784712.0,6.86,-1.64,-0.55,12.18,-5.39,-3.15,0.63,0.32,7.16,11.14,23.06,17.6,5.99,13.19,33.56,32.91,31.61,34.0,-0.18,2.73,4.06,0.48,0.61,5.7,4.33,5.09,8.36,11.06
2024-03-05,301550,32.88,32.51,32.94,31.89,18821,61080712.0,3.18,-1.48,-0.49,7.22,-3.73,0.03,-0.28,6.52,10.47,22.33,16.9,5.36,12.51,6.62,32.88,33.09,31.45,33.66,4.28,5.63,2.0,2.12,7.29,5.91,6.67,10.0,12.73,12.73
2024-03-06,301550,32.6,33.79,33.9,32.3,27269,90704437.0,4.92,3.94,1.28,10.46,-1.24,-1.55,5.17,9.07,20.77,15.42,4.02,11.08,5.26,1.98,33.21,33.38,31.42,33.37,1.63,-1.86,-1.75,3.23,1.89,2.63,5.83,8.46,8.46,6.33
2024-03-07,301550,33.8,32.6,34.34,32.53,26172,87457244.0,5.36,-3.52,-1.19,10.03,-2.24,4.43,8.3,19.92,14.6,3.29,10.3,4.52,1.26,4.21,33.09,33.46,31.39,33.13,1.72,1.84,6.99,5.61,6.38,9.69,12.42,12.42,10.21,9.63
2024-03-08,301550,32.5,32.35,33.16,31.81,20794,66985393.0,4.14,-0.77,-0.25,7.97,6.79,10.75,22.63,17.2,5.63,12.79,6.88,3.55,6.57,7.95,32.85,33.33,31.38,32.87,2.63,7.82,6.43,7.2,10.54,13.29,13.29,11.07,10.48,9.24
2024-03-11,301550,32.64,33.1,33.2,32.3,20103,65627731.0,2.78,2.32,0.75,7.71,9.07,20.77,15.42,4.02,11.08,5.26,1.98,4.95,6.32,2.66,32.87,33.21,31.53,32.68,5.38,4.02,4.77,8.04,10.73,10.73,8.55,7.98,6.77,2.78
2024-03-12,301550,33.19,34.25,34.88,33.0,37405,126903044.0,5.68,3.47,1.15,14.34,18.21,12.97,1.82,8.73,3.03,-0.18,2.73,4.06,0.48,0.61,33.22,33.05,31.96,32.62,0.53,1.26,4.41,7.01,7.01,4.91,4.35,3.18,-0.67,-4.73
2024-03-13,301550,34.25,33.85,34.43,33.49,29157,98712007.0,2.74,-1.17,-0.4,11.18,11.32,0.33,7.14,1.52,-1.64,1.22,2.54,-0.99,-0.87,4.15,33.23,33.22,32.29,32.52,2.45,5.64,8.27,8.27,6.14,5.58,4.4,0.5,-3.6,-2.75
2024-03-14,301550,33.6,34.6,34.68,32.87,38122,128996361.0,5.35,2.22,0.75,14.62,2.22,9.16,3.44,0.21,3.13,4.47,0.88,1.0,6.11,4.75,33.63,33.36,32.72,32.44,3.35,5.92,5.92,3.84,3.29,2.14,-1.68,-5.69,-4.86,-1.73
2024-03-15,301550,34.29,35.71,35.76,34.03,63322,221767587.0,5.0,3.21,1.11,23.03,5.44,-0.09,-3.2,-0.38,0.91,-2.56,-2.44,2.5,1.18,1.91,34.3,33.58,33.06,32.38,2.63,2.63,0.62,0.08,-1.04,-4.73,-8.63,-7.81,-4.79,-5.99
2024-03-18,301550,36.21,36.56,36.65,35.3,62667,225301608.0,3.78,2.38,0.85,22.79,-3.68,-6.69,-3.97,-2.72,-6.06,-5.95,-1.19,-2.46,-1.76,1.3,34.99,33.93,33.42,32.39,0.25,-1.72,-2.24,-3.34,-6.95,-10.75,-9.96,-7.0,-8.18,-8.83
2024-03-19,301550,36.65,35.64,36.65,35.64,37649,135309087.0,2.76,-2.52,-0.92,13.69,-7.58,-4.88,-3.65,-6.96,-6.85,-2.13,-3.4,-2.69,0.34,2.83,35.27,34.25,33.67,32.38,0.81,0.28,-0.84,-4.55,-8.45,-7.63,-4.6,-5.81,-6.48,-6.62
2024-03-20,301550,35.35,35.41,35.93,35.11,24194,85713493.0,2.3,-0.65,-0.23,8.8,-3.45,-2.19,-5.55,-5.44,-0.66,-1.94,-1.22,1.85,4.39,4.39,35.58,34.41,33.89,32.41,0.93,-0.2,-3.93,-7.85,-7.03,-3.98,-5.2,-5.87,-6.02,-8.98
2024-03-21,301550,35.3,35.03,35.74,34.58,23782,83485031.0,3.28,-1.07,-0.38,8.65,-0.69,-4.11,-3.99,0.87,-0.43,0.29,3.41,5.99,5.99,3.9,35.67,34.65,34.06,32.47,0.88,-2.88,-6.85,-6.02,-2.94,-4.17,-4.85,-5.0,-7.99,-11.53
2024-03-22,301550,34.99,33.69,35.34,33.39,27071,91942777.0,5.57,-3.83,-1.34,9.84,-0.69,-0.57,4.46,3.11,3.86,7.1,9.76,9.76,7.61,7.04,35.27,34.78,34.06,32.52,0.98,-3.15,-2.29,0.92,-0.36,-1.07,-1.22,-4.33,-8.01,-9.32
2024-03-25,301550,33.41,31.69,34.02,31.6,25225,82529031.0,7.18,-5.94,-2.0,9.17,5.06,10.38,8.96,9.75,13.16,15.98,15.98,13.7,13.1,11.84,34.29,34.64,33.93,32.57,2.97,3.88,7.29,5.93,5.18,5.02,1.7,-2.21,-3.6,-3.79
2024-03-26,301550,31.59,32.33,32.63,31.49,25498,81951938.0,3.6,2.02,0.64,9.27,10.77,9.34,10.13,13.56,16.39,16.39,14.1,13.5,12.23,8.03,33.63,34.45,33.75,32.79,1.82,5.17,3.84,3.09,2.94,-0.31,-4.14,-5.51,-5.69,-7.3
2024-03-27,301550,32.3,31.29,32.92,31.28,21568,69563867.0,5.07,-3.22,-1.04,7.84,10.07,10.87,14.32,17.17,17.17,14.87,14.26,12.98,8.76,4.32,32.81,34.2,33.71,32.92,8.66,7.29,6.52,6.36,3.0,-0.96,-2.36,-2.56,-4.22,-4.44
2024-03-28,301550,31.05,32.44,34.0,30.68,32252,104001356.0,10.61,3.68,1.15,11.73,13.04,16.56,19.46,19.46,17.11,16.49,15.19,10.89,6.36,7.3,32.29,33.98,33.67,33.14,3.48,2.74,2.59,-0.65,-4.47,-5.83,-6.01,-7.61,-7.83,-7.21
2024-03-29,301550,32.48,32.19,33.57,31.63,19563,63157622.0,5.98,-0.77,-0.25,7.11,13.06,15.87,15.87,13.59,12.99,11.73,7.56,3.16,4.08,7.49,31.99,33.63,33.6,33.25,3.54,3.39,0.12,-3.73,-5.09,-5.28,-6.9,-7.11,-6.49,-14.17
2024-04-01,301550,32.0,33.2,33.33,31.98,16577,54595311.0,4.19,3.14,1.01,6.03,14.6,14.6,12.35,11.76,10.51,6.38,2.03,2.94,6.32,4.97,32.29,33.29,33.61,33.38,0.24,-2.92,-6.66,-7.98,-8.16,-9.73,-9.94,-9.34,-16.78,-11.75
2024-04-02,301550,33.16,32.35,33.28,32.09,14662,47728299.0,3.58,-2.56,-0.85,5.33,14.21,11.97,11.37,10.13,6.01,1.68,2.59,5.95,4.61,3.86,32.29,32.96,33.6,33.43,-0.37,-4.2,-5.56,-5.75,-7.36,-7.57,-6.96,-14.59,-9.43,-6.92
2024-04-03,301550,32.12,31.0,32.23,30.71,16837,52599590.0,4.7,-4.17,-1.35,6.12,17.0,16.38,15.08,10.78,6.25,7.2,10.71,9.31,8.53,8.37,32.24,32.52,33.46,33.44,-0.03,-1.45,-1.65,-3.32,-3.55,-2.9,-10.87,-5.48,-2.87,-1.77
2024-04-08,301550,30.89,29.82,30.99,29.82,13570,41088796.0,3.77,-3.81,-1.18,4.93,19.85,18.51,14.08,9.42,10.4,14.02,12.58,11.77,11.6,8.08,31.71,32.0,33.33,33.37,2.45,2.25,0.5,0.27,0.94,-7.34,-1.74,0.97,2.11,8.25
2024-04-09,301550,29.82,30.29,30.55,29.7,12621,38192727.0,2.85,1.58,0.47,4.59,18.99,14.55,9.87,10.84,14.48,13.03,12.22,12.05,8.52,4.34,31.33,31.66,33.22,33.26,0.66,-1.06,-1.29,-0.63,-8.78,-3.27,-0.59,0.53,6.57,18.52
2024-04-10,301550,30.3,29.25,30.49,28.85,17298,50969820.0,5.41,-3.43,-1.04,6.29,17.92,13.1,14.11,17.85,16.36,15.53,15.36,11.72,7.42,5.89,30.54,31.42,33.03,33.09,2.46,2.22,2.91,-5.54,0.17,2.94,4.1,10.36,22.74,23.52
2024-04-11,301550,29.25,29.4,29.97,28.81,12676,37412604.0,3.97,0.51,0.15,4.61,13.26,14.27,18.01,16.52,15.69,15.52,11.87,7.57,6.04,5.83,29.95,31.12,32.79,32.87,1.7,2.38,-6.02,-0.34,2.41,3.57,9.8,22.11,22.89,24.08
2024-04-12,301550,29.41,29.72,29.9,29.2,13777,40831854.0,2.38,1.09,0.32,5.01,12.74,16.44,14.97,14.14,13.97,10.38,6.13,4.62,4.42,2.64,29.7,30.97,32.58,32.79,1.28,-7.03,-1.41,1.31,2.46,8.61,20.79,21.57,22.75,25.34
2024-04-15,301550,29.91,27.81,30.1,27.28,24751,70110267.0,9.49,-6.43,-1.91,9.0,24.63,23.06,22.18,21.99,18.15,13.6,11.99,11.77,9.86,9.6,29.29,30.5,32.24,32.61,-0.65,5.36,8.27,9.49,16.07,29.09,29.92,31.18,33.94,36.53
2024-04-16,301550,27.31,25.35,27.63,25.15,21112,54785662.0,8.92,-8.85,-2.46,7.68,33.48,32.52,32.33,28.15,23.22,21.47,21.23,19.17,18.89,19.68,28.31,29.82,31.72,32.34,15.58,18.78,20.12,27.34,41.62,42.52,43.91,46.94,49.78,52.07
2024-04-17,301550,25.88,28.5,29.3,25.7,32361,90089070.0,14.2,12.43,3.15,11.77,29.69,29.49,25.41,20.58,18.87,18.64,16.61,16.34,17.12,7.51,28.16,29.35,31.32,32.19,5.65,6.84,13.26,25.96,26.77,28.0,30.7,33.23,35.26,45.54
2024-04-18,301550,28.38,29.47,30.11,27.9,30068,88190313.0,7.75,3.4,0.97,10.93,19.28,15.52,11.08,9.5,9.28,7.42,7.17,7.89,-0.97,5.02,28.17,29.06,31.01,32.09,3.33,9.54,21.82,22.6,23.79,26.4,28.84,30.81,40.75,37.22
2024-04-19,301550,29.05,29.72,30.45,29.05,21096,62620471.0,4.75,0.85,0.25,7.67,10.95,6.68,5.16,4.96,3.17,2.93,3.61,-4.89,0.86,3.65,28.17,28.93,30.73,31.95,8.61,20.79,21.57,22.75,25.34,27.76,29.71,39.57,36.07,33.85
2024-04-22,301550,29.69,31.72,32.28,29.43,39038,121944319.0,9.59,6.73,2.0,14.2,5.3,3.81,3.6,1.83,1.6,2.28,-6.12,-0.44,2.31,3.47,28.95,29.12,30.56,31.92,13.18,13.9,15.01,17.43,19.7,21.53,30.77,27.49,25.41,21.34
2024-04-23,301550,32.19,35.45,35.9,31.81,62591,213425655.0,12.89,11.76,3.73,22.76,-3.96,-4.15,-5.78,-6.0,-5.38,-13.14,-7.89,-5.34,-4.28,1.48,30.97,29.64,30.65,32.03,1.92,2.91,5.08,7.11,8.74,17.01,14.08,12.21,8.58,8.49
2024-04-24,301550,36.13,35.1,36.13,34.01,48705,170951282.0,5.98,-0.99,-0.35,17.71,-10.35,-11.88,-12.08,-11.5,-18.76,-13.85,-11.47,-10.47,-5.09,5.56,32.29,30.22,30.82,32.09,3.93,6.13,8.18,9.83,18.18,15.21,13.33,9.66,9.57,3.11
2024-04-25,301550,34.54,36.3,36.48,34.53,41733,148679508.0,5.56,3.42,1.2,15.18,-13.21,-13.41,-12.83,-19.98,-15.15,-12.8,-11.82,-6.52,3.97,4.63,33.66,30.91,31.02,32.16,2.62,4.6,6.2,14.27,11.4,9.59,6.03,5.95,-0.3,8.18
2024-04-26,301550,36.5,36.73,37.25,35.8,40266,147396132.0,3.99,1.18,0.43,14.64,-16.48,-15.92,-22.82,-18.16,-15.89,-14.94,-9.83,0.28,0.92,1.9,35.06,31.62,31.29,32.26,3.38,4.96,12.93,10.1,8.3,4.79,4.71,-1.47,6.92,5.04
2024-04-29,301550,37.23,36.7,37.97,36.5,34328,127109141.0,4.0,-0.08,-0.03,12.48,-17.53,-24.3,-19.73,-17.51,-16.58,-11.56,-1.64,-1.01,-0.05,2.05,36.06,32.5,31.5,32.33,5.04,13.02,10.19,8.39,4.88,4.8,-1.39,7.0,5.12,4.63
2024-04-30,301550,36.8,37.71,38.55,36.35,39446,148815928.0,5.99,2.75,1.01,14.34,-23.99,-19.39,-17.17,-16.23,-11.2,-1.24,-0.61,0.36,2.48,4.46,36.51,33.74,31.78,32.4,10.0,7.24,5.49,2.07,1.99,-4.03,4.14,2.31,1.83,0.16
2024-05-06,301550,38.51,40.44,41.48,38.1,50479,199972164.0,8.96,7.24,2.73,18.36,-23.1,-20.97,-20.08,-15.28,-5.77,-5.17,-4.25,-2.23,-0.34,1.18,37.58,34.93,32.14,32.52,0.0,-1.63,-4.82,-4.9,-10.51,-2.89,-4.6,-5.04,-6.6,-6.13
2024-05-07,301550,40.28,39.96,40.44,38.9,32376,128580718.0,3.81,-1.19,-0.48,11.77,-22.6,-21.72,-17.02,-7.71,-7.12,-6.22,-4.24,-2.39,-0.9,6.63,38.31,35.98,32.52,32.67,-0.45,-3.68,-3.75,-9.43,-1.73,-3.45,-3.9,-5.48,-5.01,-7.21
2024-05-08,301550,39.76,37.93,39.78,37.8,31725,122142650.0,4.95,-5.08,-2.03,11.54,-19.44,-14.6,-5.03,-4.42,-3.49,-1.46,0.45,1.98,9.74,6.98,38.55,36.8,32.87,32.75,1.48,1.4,-4.59,3.53,1.71,1.24,-0.42,0.08,-2.24,2.08
2024-05-09,301550,38.27,37.99,38.49,37.77,20418,77650304.0,1.9,0.16,0.06,7.42,-14.54,-4.95,-4.34,-3.42,-1.38,0.53,2.07,9.82,7.07,5.32,38.81,37.43,33.28,32.85,1.24,-4.74,3.37,1.55,1.08,-0.58,-0.08,-2.4,1.92,4.95
2024-05-10,301550,38.07,36.4,38.46,36.35,29722,110270036.0,5.55,-4.19,-1.59,10.81,-1.24,-0.61,0.36,2.48,4.46,6.05,14.11,11.25,9.44,5.89,38.54,37.53,33.58,32.94,-0.58,7.88,5.99,5.49,3.76,4.29,1.87,6.37,9.53,7.36
2024-05-13,301550,36.0,35.16,36.19,34.88,23260,82227915.0,3.6,-3.41,-1.24,8.46,3.58,4.59,6.79,8.86,10.52,18.92,15.94,14.05,10.35,10.26,37.49,37.53,33.88,33.06,11.69,9.73,9.22,7.42,7.96,5.46,10.13,13.4,11.15,7.37
2024-05-14,301550,36.3,37.78,39.27,36.15,45651,173047847.0,8.87,7.45,2.62,16.6,0.91,3.04,5.03,6.64,14.74,11.87,10.04,6.47,6.39,0.11,37.05,37.68,34.3,33.24,2.12,1.64,-0.03,0.48,-1.85,2.49,5.53,3.44,-0.08,-0.34
2024-05-15,301550,37.67,37.67,38.58,37.33,27525,103878169.0,3.31,-0.29,-0.11,10.01,-0.21,1.71,3.27,11.12,8.33,6.56,3.11,3.03,-3.05,5.2,37.0,37.77,34.69,33.45,1.94,0.27,0.77,-1.57,2.79,5.84,3.74,0.21,-0.05,4.3
2024-05-16,301550,37.67,37.55,38.4,36.81,27022,101569759.0,4.22,-0.32,-0.12,9.83,3.15,4.73,12.69,9.86,8.07,4.56,4.48,-1.68,6.68,4.81,36.91,37.86,35.18,33.62,0.59,1.09,-1.25,3.12,6.18,4.07,0.53,0.27,4.63,7.06
2024-05-17,301550,37.55,37.55,37.77,36.92,20340,75822500.0,2.26,0.0,0.0,7.4,4.41,12.35,9.53,7.75,4.25,4.17,-1.98,6.37,4.5,4.01,37.14,37.84,35.79,33.8,1.09,-1.25,3.12,6.18,4.07,0.53,0.27,4.63,7.06,27.06
2024-05-20,301550,37.71,37.43,37.96,37.21,21264,79837783.0,2.0,-0.32,-0.12,7.73,11.48,8.68,6.91,3.44,3.36,-2.74,5.54,3.68,3.2,1.5,37.6,37.54,36.24,33.94,-0.94,3.45,6.52,4.41,0.85,0.59,4.97,7.4,27.46,52.95
2024-05-21,301550,37.05,36.47,37.08,35.92,17418,63266508.0,3.1,-2.56,-0.96,6.33,12.58,10.75,7.15,7.07,0.75,9.33,7.41,6.9,5.15,5.68,37.33,37.19,36.59,34.08,6.17,9.32,7.16,3.51,3.24,7.73,10.23,30.82,56.98,69.21
2024-05-22,301550,36.42,37.95,38.72,36.42,33187,125717573.0,6.31,4.06,1.48,12.07,9.23,5.68,5.6,-0.63,7.83,5.93,5.44,3.71,4.23,1.81,37.39,37.2,37.0,34.31,5.06,2.98,-0.53,-0.79,3.53,5.93,25.72,50.86,62.61,52.57
2024-05-23,301550,37.37,38.37,39.87,37.37,43741,169829020.0,6.59,1.11,0.42,15.91,3.0,2.92,-3.16,5.08,3.24,2.76,1.07,1.58,-0.78,3.61,37.55,37.23,37.33,34.6,1.85,-1.62,-1.88,2.4,4.77,24.34,49.21,60.83,50.9,43.24
2024-05-24,301550,38.0,37.3,39.08,37.14,28254,107220216.0,5.06,-2.79,-1.07,10.27,3.55,-2.56,5.74,3.88,3.39,1.7,2.21,-0.16,4.25,7.35,37.5,37.32,37.42,34.83,1.21,0.94,5.34,7.77,27.91,53.49,65.44,55.23,47.35,32.98
2024-05-27,301550,37.3,37.0,37.75,35.82,20715,75414614.0,5.17,-0.8,-0.3,7.53,1.03,9.63,7.71,7.2,5.44,5.97,3.52,8.1,11.31,9.1,37.42,37.51,37.52,35.09,1.76,6.19,8.65,28.95,54.73,66.78,56.49,48.54,34.05,26.68
2024-05-28,301550,36.97,37.09,37.65,36.2,19471,71963781.0,3.92,0.24,0.09,7.08,8.48,6.57,6.08,4.34,4.86,2.43,6.96,10.14,7.96,4.28,37.54,37.44,37.56,35.34,5.93,8.39,28.63,54.35,66.38,56.11,48.18,33.73,26.37,37.4
2024-05-29,301550,36.88,38.04,39.29,36.6,24572,93522222.0,7.25,2.56,0.95,8.94,5.41,4.92,3.2,3.72,1.31,5.79,8.93,6.78,3.14,2.87,37.56,37.48,37.62,35.62,5.68,25.42,50.5,62.22,52.21,44.48,30.39,23.21,33.96,51.13
2024-05-30,301550,37.88,39.76,40.2,37.67,45231,177893140.0,6.65,4.52,1.72,16.45,1.94,0.27,0.77,-1.57,2.79,5.84,3.74,0.21,-0.05,4.3,37.84,37.7,37.78,36.02,19.99,43.99,55.21,45.62,38.23,24.75,17.88,28.17,44.59,44.59
2024-05-31,301550,40.54,47.71,47.71,40.54,115311,524867045.0,18.03,19.99,7.95,41.93,-6.83,-6.36,-8.53,-4.49,-1.65,-3.6,-6.88,-7.13,-3.08,-0.84,39.92,38.71,38.28,36.77,20.0,29.34,21.36,15.2,3.96,-1.76,6.81,20.5,20.5,14.23
2024-06-03,301550,55.0,54.98,57.25,51.51,186853,1031361552.0,12.03,15.24,7.27,67.95,-26.31,-28.01,-24.83,-22.6,-24.13,-26.71,-26.91,-23.72,-21.96,-7.38,43.52,40.47,39.0,37.65,12.24,5.31,-0.04,-9.79,-14.75,-7.31,4.57,4.57,-0.87,0.76
2024-06-04,301550,58.0,52.19,61.71,50.52,193431,1104320007.0,20.35,-5.07,-2.79,70.34,-26.6,-23.36,-21.08,-22.64,-25.28,-25.48,-22.23,-20.43,-5.56,13.32,46.54,42.04,39.62,38.41,10.94,5.31,-4.96,-10.19,-2.36,10.16,10.16,4.43,6.15,1.55
2024-06-05,301550,50.1,56.2,57.9,50.1,172125,930027217.0,14.95,7.68,4.01,62.59,-22.71,-20.42,-22.0,-24.65,-24.85,-21.58,-19.76,-4.77,14.27,23.17,50.17,43.86,40.53,39.29,-2.21,-11.74,-16.6,-9.32,2.3,2.3,-3.02,-1.42,-5.69,-10.04
2024-06-06,301550,54.95,47.06,54.96,46.72,161937,819763405.0,14.66,-16.26,-9.14,58.89,-14.66,-16.35,-19.2,-19.41,-15.9,-13.96,2.12,22.54,32.08,23.93,51.63,44.73,40.98,39.8,5.4,-0.4,8.29,22.16,22.16,15.81,17.72,12.62,7.44,5.4
2024-06-07,301550,48.5,46.97,49.6,46.75,117407,564813546.0,6.06,-0.19,-0.09,42.69,-16.41,-19.25,-19.47,-15.96,-14.01,2.05,22.46,32.0,23.85,17.56,51.48,45.7,41.51,40.18,-0.21,8.49,22.4,22.4,16.03,17.95,12.84,7.64,5.6,7.64
2024-06-11,301550,46.0,46.36,46.87,43.24,93816,425088425.0,7.73,-1.3,-0.61,34.11,-12.7,-12.93,-9.14,-7.03,10.34,32.4,42.72,33.9,27.1,14.71,49.76,46.64,42.07,40.56,9.92,24.01,24.01,17.56,19.5,14.32,9.06,6.99,9.06,11.3
2024-06-12,301550,46.58,47.91,50.96,46.33,109096,529015889.0,9.99,3.34,1.55,39.67,-18.74,-15.2,-13.23,2.98,23.57,33.2,24.97,18.63,7.06,1.17,48.9,47.72,42.58,40.95,20.0,20.0,13.75,15.63,10.62,5.53,3.53,5.53,7.7,4.84
2024-06-13,301550,47.71,57.49,57.49,47.71,137093,712861616.0,20.41,20.0,9.58,49.85,-17.65,-15.74,0.0,20.0,29.34,21.36,15.2,3.96,-1.76,6.81,49.16,49.66,43.57,41.64,0.0,-5.2,-3.64,-7.81,-12.05,-13.72,-12.05,-10.25,-12.63,-10.4
2024-06-14,301550,56.67,53.53,57.49,51.89,150876,811493453.0,9.74,-6.89,-3.96,54.86,-22.53,-8.06,10.33,18.92,11.58,5.92,-4.41,-9.67,-1.79,10.79,50.45,51.04,44.37,42.2,1.81,3.49,-0.99,-5.55,-7.34,-5.55,-3.61,-6.16,-3.77,-7.42
2024-06-17,301550,52.81,53.56,54.5,52.47,104652,559336743.0,3.79,0.06,0.03,38.06,-9.07,9.11,17.61,10.35,4.75,-5.47,-10.67,-2.88,9.57,9.57,51.77,51.63,45.17,42.73,3.44,-1.05,-5.6,-7.39,-5.6,-3.66,-6.22,-3.83,-7.47,-10.94
2024-06-18,301550,53.6,54.65,55.4,52.76,109901,594631347.0,4.93,2.04,1.09,39.96,8.51,16.96,9.74,4.17,-5.99,-11.16,-3.41,8.97,8.97,3.3,53.43,51.59,46.03,43.2,-3.02,-7.48,-9.24,-7.48,-5.58,-8.09,-5.75,-9.31,-12.72,-8.8
2024-06-19,301550,53.0,50.01,53.0,49.91,104004,530776709.0,5.65,-8.49,-4.64,37.82,23.64,16.01,10.12,-0.62,-6.09,2.1,15.19,15.19,9.2,11.0,53.85,51.37,46.71,43.54,1.1,-0.82,1.1,3.18,0.44,3.0,-0.9,-4.62,-0.34,1.14
2024-06-20,301550,50.0,48.07,50.56,47.9,71415,351239571.0,5.32,-3.88,-1.94,25.97,20.88,14.74,3.55,-2.15,6.39,20.02,20.02,13.78,15.66,10.65,51.96,50.56,47.21,43.87,3.18,5.18,7.34,4.49,7.16,3.1,-0.77,3.68,5.22,7.53
2024-06-21,301550,48.29,48.84,49.6,47.35,67161,327366824.0,4.68,1.6,0.77,24.42,16.07,4.75,-1.01,7.62,21.41,21.41,15.1,17.0,11.93,6.78,51.03,50.74,47.74,44.24,3.52,5.65,2.85,5.47,1.47,-2.33,2.05,3.56,5.84,-3.81
2024-06-24,301550,47.6,47.28,50.56,47.2,64897,319193664.0,6.88,-3.19,-1.56,23.6,5.08,-0.7,7.97,21.8,21.8,15.47,17.37,12.29,7.12,5.08,49.77,50.77,48.24,44.6,9.14,6.24,8.95,4.82,0.89,5.41,6.98,9.33,-0.63,-7.66
2024-06-25,301550,48.2,50.22,51.6,47.81,88455,442579675.0,8.02,6.22,2.94,32.17,-1.97,6.59,20.25,20.25,13.99,15.88,10.86,5.75,3.74,5.75,48.88,51.16,48.9,45.1,0.02,2.57,-1.31,-5.02,-0.76,0.72,2.93,-6.45,-13.06,-12.9
2024-06-26,301550,49.0,49.55,50.23,45.31,76595,366612188.0,9.8,-1.33,-0.67,27.85,12.47,26.88,26.88,20.28,22.27,16.97,11.59,9.47,11.59,13.88,48.79,51.32,49.52,45.49,3.96,0.02,-3.73,0.59,2.08,4.32,-5.19,-11.89,-11.73,-9.24
2024-06-27,301550,49.5,48.5,51.51,48.5,65683,329373267.0,6.07,-2.12,-1.05,23.88,18.54,18.54,12.37,14.23,9.28,4.25,2.27,4.25,6.39,3.57,48.88,50.42,50.04,45.85,2.19,-1.65,2.76,4.29,6.58,-3.13,-9.98,-9.81,-7.28,-4.52
2024-06-28,301550,47.56,47.91,49.56,47.12,51984,251838250.0,5.03,-1.22,-0.59,18.9,22.01,15.66,17.57,12.48,7.3,5.26,7.3,9.51,6.6,9.32,48.69,49.86,50.45,46.2,-0.44,4.03,5.57,7.89,-1.94,-8.87,-8.7,-6.14,-3.34,-6.74
2024-07-01,301550,47.1,47.7,47.7,45.2,52717,243746195.0,5.22,-0.44,-0.21,19.17,20.58,22.57,17.26,11.86,9.73,11.86,14.16,11.13,13.96,9.65,48.78,49.27,50.45,46.54,4.49,6.04,8.36,-1.51,-8.47,-8.3,-5.72,-2.91,-6.33,-6.96
2024-07-02,301550,47.64,48.99,49.84,47.15,54814,266097232.0,5.64,2.7,1.29,19.93,17.5,12.41,7.23,5.2,7.23,9.44,6.53,9.25,5.11,1.17,48.53,48.71,50.15,46.92,3.25,5.51,-4.1,-10.88,-10.72,-8.21,-5.47,-8.8,-9.41,-10.41
2024-07-03,301550,49.99,47.39,50.58,47.39,46883,229063596.0,6.51,-3.27,-1.6,17.05,11.84,6.69,4.66,6.69,8.88,5.99,8.69,4.58,0.65,5.17,48.1,48.45,49.91,47.29,9.07,-0.87,-7.87,-7.7,-5.11,-2.28,-5.72,-6.35,-7.39,-8.06
2024-07-04,301550,49.14,48.38,51.69,48.2,82136,409887919.0,7.36,2.09,0.99,29.87,4.9,2.9,4.9,7.05,4.21,6.87,2.82,-1.04,3.4,4.94,48.07,48.48,49.52,47.63,-2.89,-9.76,-9.59,-7.05,-4.28,-7.65,-8.27,-9.28,-9.94,-15.87
2024-07-05,301550,46.98,44.03,46.98,44.0,68325,306276381.0,6.16,-8.99,-4.35,24.85,12.73,14.91,17.27,14.16,17.07,12.64,8.41,13.27,14.95,17.48,47.3,48.0,49.37,47.82,-0.84,-0.66,2.13,5.18,1.48,0.79,-0.32,-1.04,-7.56,-6.43
2024-07-08,301550,43.35,42.05,43.66,41.7,50620,214917114.0,4.45,-4.5,-1.98,18.41,21.25,23.74,20.46,23.53,18.85,14.39,19.52,21.29,23.96,12.66,46.17,47.47,49.12,47.98,4.02,6.94,10.13,6.25,5.54,4.38,3.61,-3.21,-2.02,-3.02
2024-07-09,301550,42.18,43.68,43.74,41.75,43394,185742670.0,4.73,3.88,1.63,15.78,23.59,20.31,23.38,18.71,14.25,19.38,21.15,23.81,12.53,4.57,45.11,46.82,48.99,48.2,2.95,6.02,2.29,1.6,0.48,-0.25,-6.82,-5.68,-6.64,-1.85
2024-07-10,301550,43.23,43.86,44.97,43.08,41189,181640916.0,4.33,0.41,0.18,14.98,16.6,19.57,15.04,10.72,15.69,17.41,19.99,9.05,1.35,1.53,44.4,46.25,48.78,48.43,5.59,1.87,1.19,0.07,-0.66,-7.2,-6.06,-7.02,-2.26,-9.37
2024-07-11,301550,44.46,44.83,46.31,44.2,48432,218161811.19,4.81,2.21,0.97,17.61,16.54,12.13,7.92,12.76,14.43,16.95,6.29,-1.22,-1.04,1.74,43.69,45.88,48.15,48.66,-0.33,-1.0,-2.1,-2.81,-9.21,-8.1,-9.03,-4.37,-11.33,-13.54
2024-07-12,301550,44.0,44.16,44.68,43.79,28090,124060656.31,1.99,-1.49,-0.67,10.21,13.18,8.93,13.82,15.51,18.04,7.28,-0.3,-0.11,2.69,5.75,43.72,45.51,47.68,48.8,0.5,-0.61,-1.34,-7.84,-6.7,-7.65,-2.92,-9.99,-12.23,-11.8
2024-07-15,301550,44.05,43.53,44.38,43.03,22503,97941220.0,3.06,-1.43,-0.63,8.18,10.85,15.83,17.55,20.13,9.18,1.46,1.65,4.51,7.62,3.83,44.01,45.09,47.18,48.66,0.83,0.09,-6.5,-5.35,-6.32,-1.52,-8.68,-10.96,-10.52,0.0
2024-07-16,301550,43.53,43.58,43.89,42.62,24836,107459295.0,2.92,0.11,0.05,9.03,16.94,18.68,21.28,10.23,2.44,2.63,5.51,8.66,4.83,4.13,43.99,44.55,46.63,48.28,-0.02,-6.61,-5.46,-6.42,-1.63,-8.79,-11.06,-10.62,0.0,0.0
2024-07-17,301550,43.57,40.71,43.57,40.7,39266,163530373.0,6.59,-6.59,-2.87,14.28,24.28,27.0,15.43,7.27,7.47,10.49,13.78,9.78,9.04,7.84,43.36,43.88,46.16,47.9,-0.02,1.2,0.17,5.31,-2.36,-4.79,-4.32,0.0,0.0,0.0
2024-07-18,301550,40.64,40.29,40.7,39.01,30714,122449544.0,4.15,-1.03,-0.42,11.17,32.5,20.43,11.92,12.13,15.28,18.71,14.53,13.77,12.51,11.69,42.45,43.07,45.77,47.37,2.26,1.22,6.4,-1.34,-3.8,-3.33,0.0,0.0,0.0,0.0
2024-07-19,301550,39.81,39.96,41.2,39.62,24496,99215679.0,3.92,-0.82,-0.33,8.91,18.58,10.2,10.4,13.5,16.89,12.77,12.01,10.78,9.97,2.73,41.61,42.67,45.33,47.13,2.05,7.28,-0.53,-3.0,-2.53,0.0,0.0,0.0,0.0,0.0
2024-07-22,301550,40.59,39.99,40.78,39.81,21123,84904503.0,2.43,0.08,0.03,7.68,9.67,9.87,12.96,16.33,12.23,11.48,10.25,9.44,2.24,3.49,40.91,42.46,44.97,46.9,7.2,-0.6,-3.08,-2.6,0.0,0.0,0.0,0.0,0.0,0.0
2024-07-23,301550,42.0,39.64,42.87,39.51,54067,221701213.0,8.4,-0.88,-0.35,19.66,10.71,13.82,17.21,13.09,12.33,11.09,10.28,3.01,4.28,3.21,40.12,42.06,44.44,46.68,0.28,-2.22,-1.74,0.0,0.0,0.0,0.0,0.0,0.0,0.0
2024-07-24,301550,39.21,38.42,39.75,38.26,42298,164890837.0,3.76,-3.08,-1.22,15.38,17.54,21.04,16.78,16.0,14.72,13.88,6.38,7.68,6.59,12.05,39.66,41.51,43.88,46.36,0.88,1.38,0.0,0.0,0.0,0.0,0.0,0.0,0.0,0.0
2024-07-25,301550,38.1,37.9,38.76,37.58,28501,108704689.0,3.07,-1.35,-0.52,10.36,23.23,18.89,18.09,16.79,15.94,8.3,9.63,8.52,14.08,5.77,39.18,40.82,43.35,45.71,2.77,0.0,0.0,0.0,0.0,0.0,0.0,0.0,0.0,0.0
2024-07-26,301550,38.28,38.86,38.95,38.07,25702,99181730.76,2.32,2.53,0.96,9.35,17.36,16.57,15.29,14.45,6.91,8.22,7.12,12.61,4.41,1.81,38.96,40.29,42.9,45.22,0.0,0.0,0.0,0.0,0.0,0.0,0.0,0.0,0.0,0.0
